{
  "hash": "b91f23b319876c69e8a10230ce47c39f",
  "result": {
    "engine": "jupyter",
    "markdown": "---\ntitle: \"M/W_Schedule\"\n\njupyter: python3\n---\n\n::: {#tbl-a .cell tbl-cap='Spring26 Section 4 Class Schedule' execution_count=1}\n\n::: {.cell-output .cell-output-display .cell-output-markdown execution_count=1}\n+----+-------------------+--------------------------------------------+------------------------------------------------------------------------------------------------+-------------------+\n|    | Week #            | Class Date                                 | Topics                                                                                         | Attendance        |\n+====+===================+============================================+================================================================================================+===================+\n|  0 | Week_1            | Wednesday, January 14, 2026                | Course Introduction, Syllabus                                                                  | Submit Your Notes |\n+----+-------------------+--------------------------------------------+------------------------------------------------------------------------------------------------+-------------------+\n|  1 | Week_1            | Monday, January 19, 2026                   | Probability and Statistics Applications and Examples                                           | N/A               |\n+----+-------------------+--------------------------------------------+------------------------------------------------------------------------------------------------+-------------------+\n|  2 | Week_2            | Wednesday, January 21, 2026                | Descriptive Statistics: Data Types and Meanings, Measures of Association                       | Submit Your Notes |\n+----+-------------------+--------------------------------------------+------------------------------------------------------------------------------------------------+-------------------+\n|  3 | Week_2            | Monday, January 26, 2026                   | Descriptive Statistics: Measures of Location, Distribution Shape, Outliers                     | Submit Your Notes |\n+----+-------------------+--------------------------------------------+------------------------------------------------------------------------------------------------+-------------------+\n|  4 | Week_3            | Wednesday, January 28, 2026                | Descriptive Statistics: Measures of Variability, Measures of Association Between Two Variables | Submit Your Notes |\n+----+-------------------+--------------------------------------------+------------------------------------------------------------------------------------------------+-------------------+\n|  5 | Week_3            | Monday, February 2, 2026                   | Introduction to Probability: Counting Rules, Randomness                                        | Submit Your Notes |\n+----+-------------------+--------------------------------------------+------------------------------------------------------------------------------------------------+-------------------+\n|  6 | Week_4            | Wednesday, February 4, 2026                | Introduction to Probability: Multiplication Law, Addition Law                                  | Submit Your Notes |\n+----+-------------------+--------------------------------------------+------------------------------------------------------------------------------------------------+-------------------+\n|  7 | Week_4            | Monday, February 9, 2026                   | Introduction to Probability: Independent and Mutually Exclusive Events                         | Submit Your Notes |\n+----+-------------------+--------------------------------------------+------------------------------------------------------------------------------------------------+-------------------+\n|  8 | Week_5            | Wednesday, February 11, 2026               | Introduction to Probability: Bayes' Theorem                                                    | Submit Your Notes |\n+----+-------------------+--------------------------------------------+------------------------------------------------------------------------------------------------+-------------------+\n|  9 | Week_5            | Monday, February 16, 2026                  | Introduction to Probability Lab                                                                | Submit Your Notes |\n+----+-------------------+--------------------------------------------+------------------------------------------------------------------------------------------------+-------------------+\n| 10 | Week_6            | Wednesday, February 18, 2026               | Exam 1 Review                                                                                  | Exam 1 Review     |\n+----+-------------------+--------------------------------------------+------------------------------------------------------------------------------------------------+-------------------+\n| 11 | Week_6            | Monday, February 23, 2026                  | Exam 1                                                                                         | Exam 1            |\n+----+-------------------+--------------------------------------------+------------------------------------------------------------------------------------------------+-------------------+\n| 12 | Week_7            | Wednesday, February 25, 2026               | Discrete Probability: Variance, Covariance and Finance                                         | Submit Your Notes |\n+----+-------------------+--------------------------------------------+------------------------------------------------------------------------------------------------+-------------------+\n| 13 | Week_7            | Monday, March 2, 2026                      | Discrete Probability: Discrete Distributions                                                   | Submit Your Notes |\n+----+-------------------+--------------------------------------------+------------------------------------------------------------------------------------------------+-------------------+\n| 14 | Week_8            | Wednesday, March 4, 2026                   | Discrete Probability: Discrete Distributions Lab                                               | Submit Your Notes |\n+----+-------------------+--------------------------------------------+------------------------------------------------------------------------------------------------+-------------------+\n| 15 | Week_8            | Monday, March 9, 2026                      | Spring Break - Have Fun!                                                                       | Submit Your Notes |\n+----+-------------------+--------------------------------------------+------------------------------------------------------------------------------------------------+-------------------+\n| 16 | Week_9            | Wednesday, March 11, 2026                  | Spring Break - Have Fun!                                                                       | Submit Your Notes |\n+----+-------------------+--------------------------------------------+------------------------------------------------------------------------------------------------+-------------------+\n| 17 | Week_9            | Monday, March 16, 2026                     | Continuous Probability: Uniform Distribution                                                   | Submit Your Notes |\n+----+-------------------+--------------------------------------------+------------------------------------------------------------------------------------------------+-------------------+\n| 18 | Week_10           | Wednesday, March 18, 2026                  | Continuous Probability: Normal Distributions                                                   | Submit Your Notes |\n+----+-------------------+--------------------------------------------+------------------------------------------------------------------------------------------------+-------------------+\n| 19 | Week_10           | Monday, March 23, 2026                     | Continuous Probability: Continuous Distributions Lab                                           | Submit Your Notes |\n+----+-------------------+--------------------------------------------+------------------------------------------------------------------------------------------------+-------------------+\n| 20 | Week_11           | Wednesday, March 25, 2026                  | Exam 2 Review                                                                                  | Exam 2 Review     |\n+----+-------------------+--------------------------------------------+------------------------------------------------------------------------------------------------+-------------------+\n| 21 | Week_11           | Monday, March 30, 2026                     | Exam 2                                                                                         | Exam 2            |\n+----+-------------------+--------------------------------------------+------------------------------------------------------------------------------------------------+-------------------+\n| 22 | Week_12           | Wednesday, April 1, 2026                   | Sampling and Sampling Distributions: Sampling Methods, Point Estimate                          | Submit Your Notes |\n+----+-------------------+--------------------------------------------+------------------------------------------------------------------------------------------------+-------------------+\n| 23 | Week_12           | Monday, April 6, 2026                      | Interval Estimation: Population Mean, Sample Size and Proportion                               | Submit Your Notes |\n+----+-------------------+--------------------------------------------+------------------------------------------------------------------------------------------------+-------------------+\n| 24 | Week_13           | Wednesday, April 8, 2026                   | Interval Estimation: Confidence Intervals                                                      | Submit Your Notes |\n+----+-------------------+--------------------------------------------+------------------------------------------------------------------------------------------------+-------------------+\n| 25 | Week_13           | Monday, April 13, 2026                     | Hypothesis Test: Null and Alternative Hypotheses and Error Types                               | Submit Your Notes |\n+----+-------------------+--------------------------------------------+------------------------------------------------------------------------------------------------+-------------------+\n| 26 | Week_14           | Wednesday, April 15, 2026                  | Hypothesis Test: Null and Alternative Hypotheses and Error Types                               | N/A               |\n+----+-------------------+--------------------------------------------+------------------------------------------------------------------------------------------------+-------------------+\n| 27 | Week_14           | Monday, April 20, 2026                     | Hypothesis Testing Lab                                                                         | N/A               |\n+----+-------------------+--------------------------------------------+------------------------------------------------------------------------------------------------+-------------------+\n| 28 | Week_15           | Wednesday, April 22, 2026                  | Simple Linear Regression                                                                       | Submit Your Notes |\n+----+-------------------+--------------------------------------------+------------------------------------------------------------------------------------------------+-------------------+\n| 29 | Week_15           | Monday, April 27, 2026                     | Using Python for Linear Regression and Any Statistics Calculations                             | Submit Your Notes |\n+----+-------------------+--------------------------------------------+------------------------------------------------------------------------------------------------+-------------------+\n| 30 | Week_16           | Wednesday, April 29, 2026                  | Final Exam Review                                                                              | Exam 3 Review     |\n+----+-------------------+--------------------------------------------+------------------------------------------------------------------------------------------------+-------------------+\n| 31 | Week_16           | Monday, May 4, 2026                        | Reading  Days - No Class - Office Hours Available                                              | Reading Day       |\n+----+-------------------+--------------------------------------------+------------------------------------------------------------------------------------------------+-------------------+\n| 32 | Common Final Exam | Thursday, May 7, 3:30–6:30 p.m.(Tentative) | Final Exam Location TBA                                                                        | Final Exam        |\n+----+-------------------+--------------------------------------------+------------------------------------------------------------------------------------------------+-------------------+\n:::\n:::\n\n\n",
    "supporting": [
      "Section4_Schedule_files"
    ],
    "filters": [],
    "includes": {}
  }
}